,alpha,beta,gamma,tau,scf_bs,nn_scf_bs
0,4,0.2,8,0.2,1.640413317,2.3674765
1,13,0.2,8,0.2,1.731183529,2.625218
2,22,0.2,8,0.2,1.730806212,2.6505327
3,31,0.2,8,0.2,1.730203635,2.67302
4,40,0.2,8,0.2,1.730337661,2.6932144
5,4,0.3,8,0.2,3.940716623,3.1568685
6,13,0.3,8,0.2,4.709459285,4.061271
7,22,0.3,8,0.2,4.707312388,4.1393013
8,31,0.3,8,0.2,4.706853826,4.1886854
9,40,0.3,8,0.2,4.706533886,4.2254686
10,4,0.4,8,0.2,2.741576768,2.583388
11,13,0.4,8,0.2,3.613908314,3.6418295
12,22,0.4,8,0.2,3.614480741,3.7261887
13,31,0.4,8,0.2,3.613949678,3.7699146
14,40,0.4,8,0.2,3.613482087,3.8042512
15,4,0.5,8,0.2,2.270145027,2.1944804
16,13,0.5,8,0.2,3.252861625,3.2104526
17,22,0.5,8,0.2,3.255906688,3.2664433
18,31,0.5,8,0.2,3.255247508,3.2806172
19,40,0.5,8,0.2,3.254708054,3.2954211
20,4,0.6,8,0.2,2.015944182,2.0673332
21,13,0.6,8,0.2,3.014175948,2.9851637
22,22,0.6,8,0.2,3.021177542,3.0196948
23,31,0.6,8,0.2,3.0204759,3.008708
24,40,0.6,8,0.2,3.019857908,3.0057168
25,4,0.7,8,0.2,1.850298391,2.0541353
26,13,0.7,8,0.2,2.769447953,2.8211246
27,22,0.7,8,0.2,2.776102922,2.8561566
28,31,0.7,8,0.2,2.776482094,2.8374093
29,40,0.7,8,0.2,2.775920214,2.8278503
30,4,0.2,14,0.2,4.262177329,4.058511
31,13,0.2,14,0.2,5.338344777,5.075908
32,22,0.2,14,0.2,5.349148805,5.098158
33,31,0.2,14,0.2,5.34974343,5.123311
34,40,0.2,14,0.2,5.349624811,5.1596937
35,4,0.3,14,0.2,3.040030194,3.5578737
36,13,0.3,14,0.2,4.576557855,5.124569
37,22,0.3,14,0.2,4.590526228,5.202113
38,31,0.3,14,0.2,4.591595582,5.2527876
39,40,0.3,14,0.2,4.591466145,5.3097363
40,4,0.4,14,0.2,2.508711395,2.7098303
41,13,0.4,14,0.2,4.622596777,4.660027
42,22,0.4,14,0.2,4.643557653,4.7347183
43,31,0.4,14,0.2,4.64479154,4.758354
44,40,0.4,14,0.2,4.645140016,4.7977076
45,4,0.5,14,0.2,2.23231125,2.3122354
46,13,0.5,14,0.2,4.559264228,4.4660597
47,22,0.5,14,0.2,4.592160738,4.51585
48,31,0.5,14,0.2,4.593515648,4.491818
49,40,0.5,14,0.2,4.593143398,4.49626
50,4,0.6,14,0.2,2.09256545,2.191329
51,13,0.6,14,0.2,4.329328403,4.3064594
52,22,0.6,14,0.2,4.363905536,4.359726
53,31,0.6,14,0.2,4.3697856,4.307846
54,40,0.6,14,0.2,4.369221597,4.2902193
55,4,0.7,14,0.2,2.084546652,2.2077792
56,13,0.7,14,0.2,4.043618226,4.0484567
57,22,0.7,14,0.2,4.130074058,4.136644
58,31,0.7,14,0.2,4.142474993,4.0795894
59,40,0.7,14,0.2,4.14359135,4.0553904
60,4,0.2,20,0.2,4.616870597,4.7893085
61,13,0.2,20,0.2,6.163790881,6.2846007
62,22,0.2,20,0.2,6.237992865,6.246463
63,31,0.2,20,0.2,6.241678832,6.193244
64,40,0.2,20,0.2,6.240899876,6.1686406
65,4,0.3,20,0.2,3.204884054,3.5027018
66,13,0.3,20,0.2,5.714760012,5.8369617
67,22,0.3,20,0.2,5.815734487,5.9332657
68,31,0.3,20,0.2,5.820332489,5.941908
69,40,0.3,20,0.2,5.820447753,5.9741044
70,4,0.4,20,0.2,2.494438408,2.6741314
71,13,0.4,20,0.2,5.691147495,5.668359
72,22,0.4,20,0.2,5.828587802,5.8469944
73,31,0.4,20,0.2,5.834126822,5.854733
74,40,0.4,20,0.2,5.834320205,5.891517
75,4,0.5,20,0.2,2.271696927,2.3772526
76,13,0.5,20,0.2,5.654702364,5.697525
77,22,0.5,20,0.2,5.809796493,5.9160047
78,31,0.5,20,0.2,5.818297495,5.896414
79,40,0.5,20,0.2,5.818637491,5.91615
80,4,0.6,20,0.2,2.358941399,2.3372352
81,13,0.6,20,0.2,5.652393632,5.604467
82,22,0.6,20,0.2,5.844798826,5.8700686
83,31,0.6,20,0.2,5.865021861,5.8287144
84,40,0.6,20,0.2,5.866138086,5.8331127
85,4,0.7,20,0.2,2.387897647,2.418057
86,13,0.7,20,0.2,5.228840554,5.30832
87,22,0.7,20,0.2,5.633623768,5.6519403
88,31,0.7,20,0.2,5.649153809,5.599033
89,40,0.7,20,0.2,5.657569935,5.5930514
90,4,0.2,26,0.2,5.034951964,5.173373
91,13,0.2,26,0.2,6.999750286,7.2815256
92,22,0.2,26,0.2,7.229812382,7.342515
93,31,0.2,26,0.2,7.234201699,7.267356
94,40,0.2,26,0.2,7.234826405,7.1978707
95,4,0.3,26,0.2,3.450476345,3.5961509
96,13,0.3,26,0.2,6.909706841,6.8379827
97,22,0.3,26,0.2,7.238950767,7.101342
98,31,0.3,26,0.2,7.244622752,7.094368
99,40,0.3,26,0.2,7.246988406,7.109473
100,4,0.4,26,0.2,2.546972924,2.737581
101,13,0.4,26,0.2,6.542174109,6.689372
102,22,0.4,26,0.2,6.950310789,7.157216
103,31,0.4,26,0.2,6.956919356,7.1937103
104,40,0.4,26,0.2,6.95997044,7.259373
105,4,0.5,26,0.2,2.496873475,2.5328097
106,13,0.5,26,0.2,6.775951965,6.7282996
107,22,0.5,26,0.2,7.247684957,7.312869
108,31,0.5,26,0.2,7.264385116,7.341781
109,40,0.5,26,0.2,7.267435844,7.411533
110,4,0.6,26,0.2,2.627295798,2.584601
111,13,0.6,26,0.2,6.589653741,6.6353526
112,22,0.6,26,0.2,7.217821255,7.3064737
113,31,0.6,26,0.2,7.242912488,7.3088226
114,40,0.6,26,0.2,7.251445572,7.3635173
115,4,0.7,26,0.2,2.672042773,2.7212424
116,13,0.7,26,0.2,5.856078368,6.3003144
117,22,0.7,26,0.2,6.815066962,7.0971146
118,31,0.7,26,0.2,6.827761071,7.0749145
119,40,0.7,26,0.2,6.845475194,7.111148
120,4,0.2,32,0.2,5.636553322,5.4766273
121,13,0.2,32,0.2,8.073839625,8.294765
122,22,0.2,32,0.2,8.556593621,8.679112
123,31,0.2,32,0.2,8.564076044,8.733141
124,40,0.2,32,0.2,8.56659289,8.739058
125,4,0.3,32,0.2,3.718439383,3.824682
126,13,0.3,32,0.2,8.01950209,7.971495
127,22,0.3,32,0.2,8.727273826,8.55965
128,31,0.3,32,0.2,8.735851453,8.585537
129,40,0.3,32,0.2,8.742049881,8.598848
130,4,0.4,32,0.2,2.797134626,2.9150999
131,13,0.4,32,0.2,7.615315649,7.6990457
132,22,0.4,32,0.2,8.471556501,8.554903
133,31,0.4,32,0.2,8.483364618,8.600547
134,40,0.4,32,0.2,8.490956849,8.667103
135,4,0.5,32,0.2,2.691675391,2.7475643
136,13,0.5,32,0.2,7.467020442,7.5508103
137,22,0.5,32,0.2,8.442945839,8.628732
138,31,0.5,32,0.2,8.472638574,8.680058
139,40,0.5,32,0.2,8.481093293,8.771927
140,4,0.6,32,0.2,2.936266465,2.8679526
141,13,0.6,32,0.2,7.431669808,7.3607454
142,22,0.6,32,0.2,8.737161688,8.595474
143,31,0.6,32,0.2,8.765447979,8.617207
144,40,0.6,32,0.2,8.783863563,8.696724
145,4,0.7,32,0.2,3.01720105,3.0498204
146,13,0.7,32,0.2,6.565562642,6.9636936
147,22,0.7,32,0.2,8.320180043,8.373889
148,31,0.7,32,0.2,8.354315136,8.358091
149,40,0.7,32,0.2,8.354315136,8.412322
150,4,0.2,8,0.4,2.590180929,2.3541536
151,13,0.2,8,0.4,3.100617169,2.6083696
152,22,0.2,8,0.4,3.102722324,2.633821
153,31,0.2,8,0.4,3.1024147,2.6513953
154,40,0.2,8,0.4,3.102877531,2.6645174
155,4,0.3,8,0.4,2.982387536,3.220579
156,13,0.3,8,0.4,3.804828519,4.113147
157,22,0.3,8,0.4,3.806856585,4.149032
158,31,0.3,8,0.4,3.807083048,4.1577454
159,40,0.3,8,0.4,3.807080588,4.15487
160,4,0.4,8,0.4,3.051149729,3.032675
161,13,0.4,8,0.4,4.179125528,4.3771496
162,22,0.4,8,0.4,4.1810966,4.376947
163,31,0.4,8,0.4,4.181232949,4.353779
164,40,0.4,8,0.4,4.180873882,4.3288584
165,4,0.5,8,0.4,2.936297089,2.743738
166,13,0.5,8,0.4,4.387154809,4.404895
167,22,0.5,8,0.4,4.38923741,4.382351
168,31,0.5,8,0.4,4.390371293,4.3334446
169,40,0.5,8,0.4,4.388434317,4.2911673
170,4,0.6,8,0.4,2.708281221,2.6003356
171,13,0.6,8,0.4,4.313569994,4.340266
172,22,0.6,8,0.4,4.314540159,4.3355966
173,31,0.6,8,0.4,4.31418185,4.2821283
174,40,0.6,8,0.4,4.313748151,4.2347665
175,4,0.7,8,0.4,2.534688526,2.6148787
176,13,0.7,8,0.4,4.143712886,4.1676054
177,22,0.7,8,0.4,4.142298229,4.2079353
178,31,0.7,8,0.4,4.141338489,4.169886
179,40,0.7,8,0.4,4.140861453,4.1285934
180,4,0.2,14,0.4,3.819274421,4.0601864
181,13,0.2,14,0.4,5.112469453,5.133793
182,22,0.2,14,0.4,5.133973698,5.125663
183,31,0.2,14,0.4,5.135043443,5.1010695
184,40,0.2,14,0.4,5.134858742,5.0858893
185,4,0.3,14,0.4,4.056991084,4.25315
186,13,0.3,14,0.4,6.266563501,6.30611
187,22,0.3,14,0.4,6.297345853,6.295168
188,31,0.3,14,0.4,6.29936921,6.2526593
189,40,0.3,14,0.4,6.299087469,6.228491
190,4,0.4,14,0.4,3.686139216,3.7305052
191,13,0.4,14,0.4,6.906944702,6.8513927
192,22,0.4,14,0.4,6.943952827,6.8221025
193,31,0.4,14,0.4,6.946455952,6.745448
194,40,0.4,14,0.4,6.946315608,6.6990643
195,4,0.5,14,0.4,3.146386038,3.244932
196,13,0.5,14,0.4,7.103847371,7.1603494
197,22,0.5,14,0.4,7.143221614,7.1362453
198,31,0.5,14,0.4,7.146011706,7.0401807
199,40,0.5,14,0.4,7.145828394,6.979669
200,4,0.6,14,0.4,2.947921027,3.0133262
201,13,0.6,14,0.4,7.061860726,7.19553
202,22,0.6,14,0.4,7.106515636,7.211606
203,31,0.6,14,0.4,7.109043836,7.1157627
204,40,0.6,14,0.4,7.108637536,7.053566
205,4,0.7,14,0.4,2.944813951,3.0999432
206,13,0.7,14,0.4,6.941012747,6.963549
207,22,0.7,14,0.4,6.984121468,7.046357
208,31,0.7,14,0.4,6.985129804,6.9631944
209,40,0.7,14,0.4,6.985030029,6.905708
210,4,0.2,20,0.4,4.991621686,5.363172
211,13,0.2,20,0.4,6.958997796,7.161211
212,22,0.2,20,0.4,7.090043703,7.163341
213,31,0.2,20,0.4,7.093987856,7.06962
214,40,0.2,20,0.4,7.094066176,6.998369
215,4,0.3,20,0.4,4.962570356,4.8314247
216,13,0.3,20,0.4,8.539525278,8.251093
217,22,0.3,20,0.4,8.742567373,8.411118
218,31,0.3,20,0.4,8.749657455,8.369038
219,40,0.3,20,0.4,8.750362844,8.349082
220,4,0.4,20,0.4,3.995079589,4.058199
221,13,0.4,20,0.4,9.035383596,9.128193
222,22,0.4,20,0.4,9.284739315,9.371872
223,31,0.4,20,0.4,9.293789165,9.3320875
224,40,0.4,20,0.4,9.29464678,9.321611
225,4,0.5,20,0.4,3.48586554,3.5404499
226,13,0.5,20,0.4,9.669638371,9.699783
227,22,0.5,20,0.4,9.957076537,9.985011
228,31,0.5,20,0.4,9.966795944,9.936239
229,40,0.5,20,0.4,9.967664312,9.92579
230,4,0.6,20,0.4,3.413254419,3.4033155
231,13,0.6,20,0.4,9.98278064,9.891418
232,22,0.6,20,0.4,10.26719841,10.222423
233,31,0.6,20,0.4,10.27726834,10.164681
234,40,0.6,20,0.4,10.27810879,10.151469
235,4,0.7,20,0.4,3.541707124,3.646611
236,13,0.7,20,0.4,9.80081581,9.716001
237,22,0.7,20,0.4,10.05660992,10.127057
238,31,0.7,20,0.4,10.07110409,10.061441
239,40,0.7,20,0.4,10.06974057,10.042109
240,4,0.2,26,0.4,6.354882362,6.540342
241,13,0.2,26,0.4,8.945688882,8.991888
242,22,0.2,26,0.4,9.342176284,9.287264
243,31,0.2,26,0.4,9.348035737,9.240984
244,40,0.2,26,0.4,9.349970253,9.1786785
245,4,0.3,26,0.4,5.728825623,5.581102
246,13,0.3,26,0.4,10.03458298,10.212158
247,22,0.3,26,0.4,10.6338281,10.807879
248,31,0.3,26,0.4,10.64283884,10.824164
249,40,0.3,26,0.4,10.64587778,10.84433
250,4,0.4,26,0.4,4.486739372,4.4891114
251,13,0.4,26,0.4,11.1254703,11.267384
252,22,0.4,26,0.4,11.90503179,12.039014
253,31,0.4,26,0.4,11.91638544,12.059156
254,40,0.4,26,0.4,11.92208537,12.106422
255,4,0.5,26,0.4,3.985510877,3.9662578
256,13,0.5,26,0.4,12.04458599,12.02304
257,22,0.5,26,0.4,12.94891736,12.866821
258,31,0.5,26,0.4,12.96203407,12.867349
259,40,0.5,26,0.4,12.96855129,12.9179
260,4,0.6,26,0.4,3.936566479,3.9791808
261,13,0.6,26,0.4,12.44326514,12.351283
262,22,0.6,26,0.4,13.34981154,13.249311
263,31,0.6,26,0.4,13.36732593,13.223842
264,40,0.6,26,0.4,13.37170534,13.266177
265,4,0.7,26,0.4,4.249785515,4.3545814
266,13,0.7,26,0.4,12.24221437,12.224568
267,22,0.7,26,0.4,13.07055817,13.233819
268,31,0.7,26,0.4,13.0954053,13.182005
269,40,0.7,26,0.4,13.10082559,13.208955
270,4,0.2,32,0.4,7.758084105,7.8241243
271,13,0.2,32,0.4,10.87542286,10.754792
272,22,0.2,32,0.4,11.69600639,11.522117
273,31,0.2,32,0.4,11.70814195,11.600695
274,40,0.2,32,0.4,11.71461696,11.616076
275,4,0.3,32,0.4,6.302453814,6.589326
276,13,0.3,32,0.4,11.74930634,12.002639
277,22,0.3,32,0.4,12.99027894,13.172409
278,31,0.3,32,0.4,13.00805433,13.231977
279,40,0.3,32,0.4,13.0171191,13.272186
280,4,0.4,32,0.4,4.998019578,5.1331043
281,13,0.4,32,0.4,12.87686086,13.091083
282,22,0.4,32,0.4,14.50627735,14.555959
283,31,0.4,32,0.4,14.52883817,14.58473
284,40,0.4,32,0.4,14.73716357,14.647014
285,4,0.5,32,0.4,4.491843622,4.497365
286,13,0.5,32,0.4,13.9132554,13.961947
287,22,0.5,32,0.4,15.71277158,15.627059
288,31,0.5,32,0.4,15.73935238,15.634185
289,40,0.5,32,0.4,15.86107285,15.713131
290,4,0.6,32,0.4,4.612905579,4.6028996
291,13,0.6,32,0.4,14.56432335,14.449002
292,22,0.6,32,0.4,16.51286802,16.25447
293,31,0.6,32,0.4,16.54979994,16.224113
294,40,0.6,32,0.4,16.56482953,16.293072
295,4,0.7,32,0.4,4.859160604,5.065807
296,13,0.7,32,0.4,14.39920442,14.425406
297,22,0.7,32,0.4,16.21957739,16.39222
298,31,0.7,32,0.4,16.25908456,16.311424
299,40,0.7,32,0.4,16.27445062,16.35234
300,4,0.2,8,0.6,2.139209709,2.229536
301,13,0.2,8,0.6,2.644870713,2.4694483
302,22,0.2,8,0.6,2.64663348,2.4661217
303,31,0.2,8,0.6,2.646747039,2.4670134
304,40,0.2,8,0.6,2.646908936,2.4699547
305,4,0.3,8,0.6,2.798085302,3.0126305
306,13,0.3,8,0.6,3.734695529,3.8872938
307,22,0.3,8,0.6,3.737351241,3.8740826
308,31,0.3,8,0.6,3.737884623,3.8571837
309,40,0.3,8,0.6,3.737887188,3.8394873
310,4,0.4,8,0.6,3.196979589,3.1963153
311,13,0.4,8,0.6,4.520280535,4.628092
312,22,0.4,8,0.6,4.524642439,4.596283
313,31,0.4,8,0.6,4.524824554,4.5570397
314,40,0.4,8,0.6,4.524941863,4.519079
315,4,0.5,8,0.6,3.327979979,3.1532998
316,13,0.5,8,0.6,4.917752095,4.9747505
317,22,0.5,8,0.6,4.9212692,4.9512663
318,31,0.5,8,0.6,4.921843944,4.9037247
319,40,0.5,8,0.6,4.92196947,4.8546295
320,4,0.6,8,0.6,3.279849311,3.1576645
321,13,0.6,8,0.6,5.130385431,5.1177416
322,22,0.6,8,0.6,5.133656832,5.1355953
323,31,0.6,8,0.6,5.133383737,5.0991163
324,40,0.6,8,0.6,5.132909299,5.0503607
325,4,0.7,8,0.6,3.178098394,3.2555466
326,13,0.7,8,0.6,5.061758729,5.1015863
327,22,0.7,8,0.6,5.07160742,5.1663675
328,31,0.7,8,0.6,5.064848124,5.1588693
329,40,0.7,8,0.6,5.064958572,5.118968
330,4,0.2,14,0.6,3.632542589,3.6981816
331,13,0.2,14,0.6,5.082560018,4.9036603
332,22,0.2,14,0.6,5.110105664,4.868963
333,31,0.2,14,0.6,5.111617533,4.811527
334,40,0.2,14,0.6,5.111575934,4.770119
335,4,0.3,14,0.6,4.293663917,4.386354
336,13,0.3,14,0.6,6.832267616,6.7899857
337,22,0.3,14,0.6,6.874379088,6.7671475
338,31,0.3,14,0.6,6.877330843,6.696116
339,40,0.3,14,0.6,6.877367006,6.644639
340,4,0.4,14,0.6,4.253917929,4.32963
341,13,0.4,14,0.6,7.882831746,7.94294
342,22,0.4,14,0.6,7.932269867,7.940558
343,31,0.4,14,0.6,7.935690174,7.8639507
344,40,0.4,14,0.6,7.936006554,7.8050137
345,4,0.5,14,0.6,3.976127031,4.0335464
346,13,0.5,14,0.6,8.614052042,8.616961
347,22,0.5,14,0.6,8.665799509,8.6426525
348,31,0.5,14,0.6,8.669639668,8.571882
349,40,0.5,14,0.6,8.671624839,8.514664
350,4,0.6,14,0.6,3.821195917,3.8530014
351,13,0.6,14,0.6,9.011091417,8.948526
352,22,0.6,14,0.6,9.063627548,9.009507
353,31,0.6,14,0.6,9.066656109,8.952361
354,40,0.6,14,0.6,9.066052166,8.902825
355,4,0.7,14,0.6,3.858153804,3.9824367
356,13,0.7,14,0.6,9.032380342,8.990992
357,22,0.7,14,0.6,9.07974591,9.082247
358,31,0.7,14,0.6,9.081614265,9.042685
359,40,0.7,14,0.6,9.081236222,9.000054
360,4,0.2,20,0.6,5.175163578,5.2305365
361,13,0.2,20,0.6,7.430947465,7.3633533
362,22,0.2,20,0.6,7.600100237,7.4084387
363,31,0.2,20,0.6,7.604407394,7.2801576
364,40,0.2,20,0.6,4.652781644,7.1746554
365,4,0.3,20,0.6,5.533763686,5.4260263
366,13,0.3,20,0.6,9.531415472,9.451809
367,22,0.3,20,0.6,9.792436455,9.710612
368,31,0.3,20,0.6,9.800966512,9.656751
369,40,0.3,20,0.6,9.801805496,9.613857
370,4,0.4,20,0.6,5.112905043,5.071063
371,13,0.4,20,0.6,11.12688717,11.004007
372,22,0.4,20,0.6,11.4624851,11.369126
373,31,0.4,20,0.6,11.47551051,11.341435
374,40,0.4,20,0.6,11.47683342,11.324858
375,4,0.5,20,0.6,4.478392413,4.605296
376,13,0.5,20,0.6,11.74017836,11.991727
377,22,0.5,20,0.6,12.10242303,12.384791
378,31,0.5,20,0.6,12.11646667,12.362339
379,40,0.5,20,0.6,12.1188816,12.359925
380,4,0.6,20,0.6,4.216531595,4.3899274
381,13,0.6,20,0.6,12.44543251,12.541544
382,22,0.6,20,0.6,12.80014965,12.941003
383,31,0.6,20,0.6,12.8115482,12.916458
384,40,0.6,20,0.6,12.81236219,12.920777
385,4,0.7,20,0.6,4.407760139,4.6521606
386,13,0.7,20,0.6,12.70151807,12.721947
387,22,0.7,20,0.6,13.00499039,13.130522
388,31,0.7,20,0.6,13.01494557,13.099499
389,40,0.7,20,0.6,13.0148326,13.101621
390,4,0.2,26,0.6,6.713262136,6.7255545
391,13,0.2,26,0.6,9.592988983,9.55775
392,22,0.2,26,0.6,10.08432702,9.98061
393,31,0.2,26,0.6,10.09183284,9.882725
394,40,0.2,26,0.6,10.09450773,9.771111
395,4,0.3,26,0.6,6.859727035,6.6229014
396,13,0.3,26,0.6,12.19755158,12.006429
397,22,0.3,26,0.6,12.99937596,12.838964
398,31,0.3,26,0.6,13.01093442,12.834875
399,40,0.3,26,0.6,13.01671462,12.8268795
400,4,0.4,26,0.6,6.022412608,5.887449
401,13,0.4,26,0.6,14.04282733,13.894516
402,22,0.4,26,0.6,15.09903616,14.905564
403,31,0.4,26,0.6,15.11401884,14.912718
404,40,0.4,26,0.6,15.12306449,14.942115
405,4,0.5,26,0.6,5.057582896,5.2527304
406,13,0.5,26,0.6,14.7460805,15.196153
407,22,0.5,26,0.6,15.88685818,16.239628
408,31,0.5,26,0.6,15.90360798,16.236267
409,40,0.5,26,0.6,15.91396789,16.28392
410,4,0.6,26,0.6,4.93584146,5.1079893
411,13,0.6,26,0.6,15.96235493,16.010382
412,22,0.6,26,0.6,17.1245427,17.042915
413,31,0.6,26,0.6,17.1402685,17.022104
414,40,0.6,26,0.6,17.147063,17.075394
415,4,0.7,26,0.6,5.356904628,5.534932
416,13,0.7,26,0.6,16.61127941,16.387402
417,22,0.7,26,0.6,17.62009544,17.412268
418,31,0.7,26,0.6,17.63817593,17.366325
419,40,0.7,26,0.6,17.64560826,17.41213
420,4,0.2,32,0.6,7.980146729,8.2269945
421,13,0.2,32,0.6,11.26423765,11.514797
422,22,0.2,32,0.6,12.22083641,12.50271
423,31,0.2,32,0.6,12.23648859,12.483026
424,40,0.2,32,0.6,12.24261156,12.416391
425,4,0.3,32,0.6,8.115393825,8.08386
426,13,0.3,32,0.6,14.49378558,14.213306
427,22,0.3,32,0.6,16.14508783,15.778432
428,31,0.3,32,0.6,16.1708339,15.769624
429,40,0.3,32,0.6,16.18403693,15.760087
430,4,0.4,32,0.6,6.7365574,6.941437
431,13,0.4,32,0.6,15.95010087,16.275976
432,22,0.4,32,0.6,18.08281842,18.207151
433,31,0.4,32,0.6,18.11358673,18.201942
434,40,0.4,32,0.6,18.1305459,18.25012
435,4,0.5,32,0.6,5.965984502,6.0114937
436,13,0.5,32,0.6,17.73597838,17.9306
437,22,0.5,32,0.6,20.22166842,20.074375
438,31,0.5,32,0.6,20.25690293,20.070139
439,40,0.5,32,0.6,20.27758698,20.155222
440,4,0.6,32,0.6,5.737454715,5.897818
441,13,0.6,32,0.6,18.99142793,19.197138
442,22,0.6,32,0.6,21.5241862,21.413164
443,31,0.6,32,0.6,21.56010234,21.366728
444,40,0.6,32,0.6,21.57834348,21.441072
445,4,0.7,32,0.6,6.117444591,6.4622607
446,13,0.7,32,0.6,19.76324098,20.003956
447,22,0.7,32,0.6,21.98426372,22.181374
448,31,0.7,32,0.6,22.02244451,22.058786
449,40,0.7,32,0.6,22.03795663,22.09621
450,4,0.2,8,0.8,1.900557638,2.1631994
451,13,0.2,8,0.8,2.359771947,2.422543
452,22,0.2,8,0.8,2.361690648,2.3965921
453,31,0.2,8,0.8,2.360895752,2.3861141
454,40,0.2,8,0.8,2.36109807,2.383982
455,4,0.3,8,0.8,2.593816602,2.7620342
456,13,0.3,8,0.8,3.547213924,3.5895252
457,22,0.3,8,0.8,3.550318591,3.5538225
458,31,0.3,8,0.8,3.551051546,3.5307183
459,40,0.3,8,0.8,3.552109452,3.5154047
460,4,0.4,8,0.8,3.104218242,3.139752
461,13,0.4,8,0.8,4.496725312,4.5552874
462,22,0.4,8,0.8,4.501398511,4.525962
463,31,0.4,8,0.8,4.501949693,4.4936085
464,40,0.4,8,0.8,4.50217205,4.4630437
465,4,0.5,8,0.8,3.4118581,3.3443224
466,13,0.5,8,0.8,5.162328858,5.127266
467,22,0.5,8,0.8,5.167008235,5.1213875
468,31,0.5,8,0.8,5.168287334,5.0905595
469,40,0.5,8,0.8,5.169152497,5.050584
470,4,0.6,8,0.8,3.562945367,3.5814443
471,13,0.6,8,0.8,5.53061117,5.47285
472,22,0.6,8,0.8,5.53560716,5.499571
473,31,0.6,8,0.8,5.53613966,5.4876013
474,40,0.6,8,0.8,5.538060382,5.448727
475,4,0.7,8,0.8,3.612510639,3.807513
476,13,0.7,8,0.8,5.600717304,5.6820316
477,22,0.7,8,0.8,5.600654928,5.697821
478,31,0.7,8,0.8,5.600070583,5.7236705
479,40,0.7,8,0.8,5.596995063,5.6939707
480,4,0.2,14,0.8,3.284272398,3.3402503
481,13,0.2,14,0.8,4.752462062,4.619748
482,22,0.2,14,0.8,3.067540224,4.577159
483,31,0.2,14,0.8,4.783049457,4.5064
484,40,0.2,14,0.8,4.783070995,4.4585943
485,4,0.3,14,0.8,4.138313256,4.1667995
486,13,0.3,14,0.8,6.769941398,6.7105684
487,22,0.3,14,0.8,6.81890065,6.6988173
488,31,0.3,14,0.8,6.821247813,6.618659
489,40,0.3,14,0.8,6.821294034,6.5589304
490,4,0.4,14,0.8,4.380340673,4.48013
491,13,0.4,14,0.8,8.26847322,8.3185425
492,22,0.4,14,0.8,8.329257604,8.355623
493,31,0.4,14,0.8,8.333218405,8.285759
494,40,0.4,14,0.8,8.333961712,8.2246895
495,4,0.5,14,0.8,4.283067548,4.4477577
496,13,0.5,14,0.8,9.200758458,9.2935705
497,22,0.5,14,0.8,9.263769561,9.364526
498,31,0.5,14,0.8,9.26815489,9.312479
499,40,0.5,14,0.8,9.268580103,9.260117
500,4,0.6,14,0.8,4.275911226,4.451906
501,13,0.6,14,0.8,9.887774348,9.891451
502,22,0.6,14,0.8,9.946683351,9.97194
503,31,0.6,14,0.8,9.950729103,9.940068
504,40,0.6,14,0.8,9.950672425,9.900597
505,4,0.7,14,0.8,4.462361523,4.6295805
506,13,0.7,14,0.8,10.19757538,10.236631
507,22,0.7,14,0.8,10.24667493,10.268806
508,31,0.7,14,0.8,10.24957574,10.257789
509,40,0.7,14,0.8,10.24922033,10.227688
510,4,0.2,20,0.8,4.855241277,4.856082
511,13,0.2,20,0.8,7.1514174,7.1596956
512,22,0.2,20,0.8,7.336026276,7.2287517
513,31,0.2,20,0.8,7.33949088,7.0645547
514,40,0.2,20,0.8,4.293026238,6.9304543
515,4,0.3,20,0.8,5.612831191,5.4692035
516,13,0.3,20,0.8,9.829794719,9.743674
517,22,0.3,20,0.8,10.13198992,10.0432
518,31,0.3,20,0.8,10.14120625,9.950748
519,40,0.3,20,0.8,10.1424464,9.872457
520,4,0.4,20,0.8,5.408734751,5.4986935
521,13,0.4,20,0.8,11.67053974,11.798592
522,22,0.4,20,0.8,12.05370311,12.230061
523,31,0.4,20,0.8,12.06597601,12.182776
524,40,0.4,20,0.8,12.0677334,12.144925
525,4,0.5,20,0.8,5.001230561,5.1854424
526,13,0.5,20,0.8,13.16445717,13.063579
527,22,0.5,20,0.8,13.58959375,13.513831
528,31,0.5,20,0.8,13.6036707,13.483845
529,40,0.5,20,0.8,13.60538461,13.472902
530,4,0.6,20,0.8,4.857529661,4.974929
531,13,0.6,20,0.8,14.220933,13.85312
532,22,0.6,20,0.8,14.63435174,14.270287
533,31,0.6,20,0.8,14.64723853,14.245425
534,40,0.6,20,0.8,14.64948142,14.251251
535,4,0.7,20,0.8,4.886317484,5.1503515
536,13,0.7,20,0.8,14.055471,14.3291
537,22,0.7,20,0.8,14.38395671,14.666311
538,31,0.7,20,0.8,14.39289772,14.639277
539,40,0.7,20,0.8,14.39209843,14.650077
540,4,0.2,26,0.8,6.419218892,6.44937
541,13,0.2,26,0.8,9.341259572,9.437805
542,22,0.2,26,0.8,9.876189198,9.916432
543,31,0.2,26,0.8,9.882265529,9.742362
544,40,0.2,26,0.8,9.885868816,9.570487
545,4,0.3,26,0.8,6.913157295,6.8817263
546,13,0.3,26,0.8,12.30917579,12.529284
547,22,0.3,26,0.8,13.18565952,13.479093
548,31,0.3,26,0.8,13.19768468,13.414454
549,40,0.3,26,0.8,13.2040853,13.357787
550,4,0.4,26,0.8,6.517688174,6.5236006
551,13,0.4,26,0.8,14.87883186,14.964185
552,22,0.4,26,0.8,16.06408499,16.124062
553,31,0.4,26,0.8,16.08094174,16.092777
554,40,0.4,26,0.8,16.09011886,16.095768
555,4,0.5,26,0.8,5.850857265,5.9046273
556,13,0.5,26,0.8,16.74585539,16.526413
557,22,0.5,26,0.8,18.09409272,17.696268
558,31,0.5,26,0.8,18.11191493,17.668161
559,40,0.5,26,0.8,18.12207004,17.708364
560,4,0.6,26,0.8,5.313251957,5.604065
561,13,0.6,26,0.8,17.26793082,17.565731
562,22,0.6,26,0.8,18.53705488,18.66598
563,31,0.6,26,0.8,18.55273529,18.629717
564,40,0.6,26,0.8,18.56212828,18.691568
565,4,0.7,26,0.8,5.642767972,5.8818865
566,13,0.7,26,0.8,18.1641702,18.260315
567,22,0.7,26,0.8,19.23997155,19.229593
568,31,0.7,26,0.8,19.26867309,19.173841
569,40,0.7,26,0.8,19.27280064,19.241491
570,4,0.2,32,0.8,8.055274024,7.9232254
571,13,0.2,32,0.8,11.47857093,11.344416
572,22,0.2,32,0.8,12.55451985,12.473959
573,31,0.2,32,0.8,12.57314251,12.358249
574,40,0.2,32,0.8,12.58041336,12.214627
575,4,0.3,32,0.8,8.391327628,8.497084
576,13,0.3,32,0.8,14.86673323,14.87207
577,22,0.3,32,0.8,16.67315399,16.715143
578,31,0.3,32,0.8,16.70325028,16.64264
579,40,0.3,32,0.8,16.71715412,16.592058
580,4,0.4,32,0.8,7.633480467,7.800468
581,13,0.4,32,0.8,17.56494115,17.55307
582,22,0.4,32,0.8,20.03943235,19.8444
583,31,0.4,32,0.8,20.07795786,19.814371
584,40,0.4,32,0.8,20.09738151,19.859766
585,4,0.5,32,0.8,6.512485762,6.7609124
586,13,0.5,32,0.8,18.88646593,19.523653
587,22,0.5,32,0.8,21.60888132,22.012774
588,31,0.5,32,0.8,21.64905827,21.993408
589,40,0.5,32,0.8,21.66739663,22.090014
590,4,0.6,32,0.8,6.217969061,6.3641367
591,13,0.6,32,0.8,20.81391486,21.077612
592,22,0.6,32,0.8,23.6005608,23.545479
593,31,0.6,32,0.8,23.63834447,23.478533
594,40,0.6,32,0.8,23.65815882,23.571087
595,4,0.7,32,0.8,6.66425405,6.7913823
596,13,0.7,32,0.8,22.62555142,22.306816
597,22,0.7,32,0.8,25.10874155,24.536999
598,31,0.7,32,0.8,25.14359625,24.384033
599,40,0.7,32,0.8,25.15943342,24.447681
600,4,0.2,8,1,1.65222307,2.1102896
601,13,0.2,8,1,2.027841018,2.3789225
602,22,0.2,8,1,2.028559051,2.33979
603,31,0.2,8,1,2.02861824,2.3223703
604,40,0.2,8,1,2.028525582,2.3174117
605,4,0.3,8,1,2.366898078,2.5108929
606,13,0.3,8,1,3.278252382,3.239825
607,22,0.3,8,1,3.281100173,3.185565
608,31,0.3,8,1,3.281434446,3.1564739
609,40,0.3,8,1,3.282176036,3.1428084
610,4,0.4,8,1,2.968778478,2.9584794
611,13,0.4,8,1,4.376801717,4.2672014
612,22,0.4,8,1,3.429960115,4.231657
613,31,0.4,8,1,4.382202068,4.2024055
614,40,0.4,8,1,4.381905639,4.1795425
615,4,0.5,8,1,3.327043284,3.3670976
616,13,0.5,8,1,5.099193948,5.0119834
617,22,0.5,8,1,5.106341633,4.9994526
618,31,0.5,8,1,5.107247556,4.978862
619,40,0.5,8,1,4.018391479,4.9485826
620,4,0.6,8,1,3.641229762,3.823589
621,13,0.6,8,1,5.657716561,5.5463915
622,22,0.6,8,1,5.663925265,5.5219436
623,31,0.6,8,1,5.665174061,5.526173
624,40,0.6,8,1,5.666430612,5.4981346
625,4,0.7,8,1,3.915638381,4.197539
626,13,0.7,8,1,5.999846064,6.01745
627,22,0.7,8,1,6.004666616,5.856784
628,31,0.7,8,1,6.005270039,5.9057746
629,40,0.7,8,1,6.006802385,5.8886104
630,4,0.2,14,1,2.978547705,3.0063667
631,13,0.2,14,1,4.398816369,4.2783775
632,22,0.2,14,1,4.425957111,4.23331
633,31,0.2,14,1,4.427106966,4.1571293
634,40,0.2,14,1,4.427034656,4.1112986
635,4,0.3,14,1,3.856604278,3.7126799
636,13,0.3,14,1,6.477914121,6.2018166
637,22,0.3,14,1,6.527630606,6.1937523
638,31,0.3,14,1,4.142879755,6.1090345
639,40,0.3,14,1,6.531173585,6.0510473
640,4,0.4,14,1,4.255240435,4.2712417
641,13,0.4,14,1,8.157859106,8.148144
642,22,0.4,14,1,8.224408352,8.207989
643,31,0.4,14,1,8.228934095,8.141951
644,40,0.4,14,1,8.229422711,8.085016
645,4,0.5,14,1,4.254204168,4.5068846
646,13,0.5,14,1,9.190010328,9.39805
647,22,0.5,14,1,9.258974763,9.488756
648,31,0.5,14,1,9.264243731,9.448364
649,40,0.5,14,1,9.264935155,9.403847
650,4,0.6,14,1,4.42744355,4.755108
651,13,0.6,14,1,10.12352327,10.23417
652,22,0.6,14,1,10.18747297,10.286416
653,31,0.6,14,1,10.1922585,10.271177
654,40,0.6,14,1,10.19278584,10.243535
655,4,0.7,14,1,4.746317491,5.041564
656,13,0.7,14,1,10.66115307,10.887782
657,22,0.7,14,1,10.71271927,10.762227
658,31,0.7,14,1,10.71658884,10.7699175
659,40,0.7,14,1,10.71582438,10.754858
660,4,0.2,20,1,4.358475616,4.3894515
661,13,0.2,20,1,6.562244182,6.733858
662,22,0.2,20,1,6.744967444,6.8229628
663,31,0.2,20,1,6.748501145,6.633781
664,40,0.2,20,1,6.749103366,6.484664
665,4,0.3,20,1,5.33652191,5.096888
666,13,0.3,20,1,9.489873023,9.343815
667,22,0.3,20,1,9.806993008,9.647059
668,31,0.3,20,1,9.815923849,9.512373
669,40,0.3,20,1,9.817853457,9.402978
670,4,0.4,20,1,5.251859551,5.4265337
671,13,0.4,20,1,11.4084147,11.791804
672,22,0.4,20,1,11.81139049,12.251726
673,31,0.4,20,1,11.82357096,12.174552
674,40,0.4,20,1,11.82581491,12.113073
675,4,0.5,20,1,5.046160877,5.308625
676,13,0.5,20,1,13.20445167,13.282768
677,22,0.5,20,1,13.65116565,13.756425
678,31,0.5,20,1,13.66550306,13.706911
679,40,0.5,20,1,13.66828818,13.681256
680,4,0.6,20,1,4.962896313,5.2105627
681,13,0.6,20,1,14.52129263,14.243077
682,22,0.6,20,1,14.95367852,14.634353
683,31,0.6,20,1,14.96811653,14.594945
684,40,0.6,20,1,14.96951409,14.592859
685,4,0.7,20,1,5.309202693,5.3393474
686,13,0.7,20,1,15.28978001,14.962549
687,22,0.7,20,1,15.64233792,15.15233
688,31,0.7,20,1,15.65427918,15.111755
689,40,0.7,20,1,15.65683225,15.119943
690,4,0.2,26,1,5.964078814,5.99642
691,13,0.2,26,1,8.801491149,8.954418
692,22,0.2,26,1,9.348082075,9.464479
693,31,0.2,26,1,9.354158683,9.223906
694,40,0.2,26,1,9.35802572,9.003647
695,4,0.3,26,1,6.79152126,6.608923
696,13,0.3,26,1,12.20597576,12.093661
697,22,0.3,26,1,13.1465924,13.079392
698,31,0.3,26,1,13.15905705,12.94786
699,40,0.3,26,1,13.16594843,12.840604
700,4,0.4,26,1,6.437323069,6.5392385
701,13,0.4,26,1,14.68413353,14.887526
702,22,0.4,26,1,15.91601645,16.13078
703,31,0.4,26,1,15.93315907,16.053677
704,40,0.4,26,1,15.9427796,16.024158
705,4,0.5,26,1,5.880297118,6.0180063
706,13,0.5,26,1,16.71139868,16.569536
707,22,0.5,26,1,18.10092062,17.809624
708,31,0.5,26,1,18.12035388,17.744415
709,40,0.5,26,1,18.13102546,17.76315
710,4,0.6,26,1,5.661479892,5.6695976
711,13,0.6,26,1,17.11174423,17.66869
712,22,0.6,26,1,18.38281646,18.780634
713,31,0.6,26,1,18.40030844,18.71106
714,40,0.6,26,1,18.40975801,18.75947
715,4,0.7,26,1,5.549611105,5.763027
716,13,0.7,26,1,18.2053216,18.51371
717,22,0.7,26,1,19.27459599,19.369293
718,31,0.7,26,1,19.28670615,19.282887
719,40,0.7,26,1,19.2953699,19.345123
720,4,0.2,32,1,7.49373939,7.456501
721,13,0.2,32,1,10.78861391,10.725856
722,22,0.2,32,1,11.87854695,11.940146
723,31,0.2,32,1,11.89780461,11.749611
724,40,0.2,32,1,11.90551872,11.543483
725,4,0.3,32,1,7.975723879,8.265751
726,13,0.3,32,1,14.12987029,14.351552
727,22,0.3,32,1,15.95279291,16.347527
728,31,0.3,32,1,15.98464163,16.228973
729,40,0.3,32,1,15.99816522,16.143812
730,4,0.4,32,1,7.587711241,7.910582
731,13,0.4,32,1,17.24948099,17.371887
732,22,0.4,32,1,19.76799701,19.889174
733,31,0.4,32,1,19.80905889,19.835482
734,40,0.4,32,1,19.82870222,19.871492
735,4,0.5,32,1,6.906361014,6.8962374
736,13,0.5,32,1,19.94714959,19.361387
737,22,0.5,32,1,22.91682932,22.036972
738,31,0.5,32,1,22.96322405,21.99487
739,40,0.5,32,1,22.98682447,22.094198
740,4,0.6,32,1,5.988043574,6.303232
741,13,0.6,32,1,20.29279798,20.85327
742,22,0.6,32,1,23.04149174,23.42031
743,31,0.6,32,1,23.08154737,23.335474
744,40,0.6,32,1,23.10626467,23.446701
745,4,0.7,32,1,6.285291159,6.4745026
746,13,0.7,32,1,21.89879392,22.133102
747,22,0.7,32,1,24.26936246,24.318623
748,31,0.7,32,1,24.30159307,24.157467
749,40,0.7,32,1,24.34931139,24.258787
750,25,0.41,30,0.59,16.98041413,17.24969
751,13,0.6,13,0.65,8.595560397,8.593054
752,34,0.42,9,0.81,3.980287752,5.2258844
753,40,0.35,14,1,7.431232819,7.1497607
754,7,0.33,10,0.97,4.336410639,3.9360654
755,15,0.45,31,0.98,19.56593221,19.476538
756,21,0.21,23,0.77,9.013448158,8.919394
757,4,0.32,20,0.78,5.513017465,5.5349956
758,7,0.32,29,0.55,9.260088387,9.090968
759,19,0.52,26,0.98,18.67302974,18.051926
760,12,0.57,25,0.61,14.88918256,14.851711
761,6,0.43,25,0.6,7.565284647,7.5287127
762,39,0.49,25,0.55,14.69580799,14.913737
763,27,0.59,16,0.78,11.37238524,11.288636
764,4,0.55,27,0.93,5.899000527,5.909759
765,28,0.42,26,0.92,16.46047512,16.605167
766,23,0.2,20,0.51,7.548936443,7.3482523
767,16,0.56,18,0.62,11.28999464,11.616816
768,30,0.3,30,0.62,15.21544656,15.0046015
769,23,0.47,31,0.68,19.51169126,19.963789
770,40,0.25,8,0.91,2.858214083,2.784986
771,18,0.32,12,0.54,6.017528863,6.0377674
772,25,0.56,15,0.69,10.09702394,10.050042
773,17,0.28,32,0.99,14.84346476,15.186334
774,18,0.4,32,0.74,19.54218263,19.32865
775,34,0.28,23,0.97,10.95132869,10.581454
776,36,0.58,32,0.73,22.87274176,22.838379
777,9,0.59,26,0.98,14.19785277,13.245571
778,37,0.35,19,0.61,10.2347554,10.069669
779,18,0.51,16,0.84,10.81876433,10.959484
780,16,0.58,8,0.67,5.25099811,5.276747
781,9,0.44,26,0.77,12.14178957,12.00249
782,8,0.29,18,0.63,7.228639046,7.077424
783,25,0.43,26,0.59,14.95081082,15.265813
784,38,0.29,30,0.58,14.68919492,14.4245615
785,23,0.52,24,1,16.9379295,16.664968
786,37,0.27,26,0.77,12.18205232,12.306313
787,24,0.57,9,0.82,6.209636355,6.1287603
788,30,0.45,30,0.74,19.16015296,19.413197
789,29,0.21,29,0.56,11.40363482,11.472101
790,23,0.35,24,0.84,13.50331028,13.773628
791,30,0.47,29,0.73,18.77645495,19.034662
792,38,0.41,31,0.6,17.73194679,17.936056
793,27,0.33,32,0.51,15.39096003,15.506096
794,15,0.59,9,0.91,6.35854927,6.247687
795,9,0.45,15,0.73,8.421206822,8.374678
796,17,0.45,28,0.62,16.98397887,16.906673
797,22,0.44,17,0.65,10.33177552,10.319881
798,37,0.47,18,0.84,11.80619237,11.86839
799,18,0.34,16,0.87,8.603641739,8.647064
800,22,0.3,23,0.57,11.28050156,11.091547
801,22,0.51,13,0.59,8.034135323,8.015512
802,9,0.21,21,0.63,7.175932041,7.1160474
803,28,0.24,12,0.94,4.51610316,4.1150236
804,34,0.36,16,0.75,8.815925015,8.8892145
805,6,0.57,13,0.87,6.580861461,6.356926
806,18,0.4,13,0.89,7.660258856,7.7119384
807,31,0.47,27,0.79,18.24867739,17.941244
808,17,0.42,22,0.95,13.67011131,13.930539
809,37,0.33,31,0.63,16.68598044,16.38295
810,29,0.37,20,0.83,11.53849766,11.670145
811,23,0.21,23,0.51,9.008528966,8.763277
812,27,0.34,10,0.9,5.057133347,4.859528
813,22,0.49,14,0.94,9.278837453,9.408386
814,34,0.26,20,0.97,8.781432214,8.3064575
815,7,0.23,10,0.7,3.431771924,3.264629
816,30,0.46,20,0.74,12.89751194,12.848985
817,40,0.35,26,0.91,14.71563635,14.880426
818,18,0.4,24,0.5,12.31842924,12.589334
819,29,0.56,20,0.75,14.0906502,13.788756
820,11,0.56,21,0.71,12.63711762,12.968275
821,22,0.39,14,0.83,8.198288729,8.229017
822,31,0.33,20,0.74,10.55078115,10.690784
823,26,0.24,30,0.69,13.16642914,13.264805
824,24,0.43,24,0.67,14.77267596,14.724365
825,28,0.21,18,0.96,3.857472525,6.1399255
826,12,0.5,26,0.56,14.02996955,14.187225
827,25,0.5,32,0.86,21.74585666,22.179615
828,33,0.55,16,0.89,11.25473161,11.305856
829,14,0.3,28,0.91,13.23362135,13.657139
830,4,0.2,14,0.81,3.273479261,3.3227282
831,26,0.35,30,0.85,17.1612941,17.40717
832,6,0.51,10,0.98,5.383094868,5.031616
833,30,0.27,24,0.7,11.20252735,11.253373
834,20,0.46,12,0.82,7.522126077,7.661266
835,19,0.27,21,0.61,9.615387416,9.588623
836,19,0.57,13,0.93,9.21874958,9.296553
837,18,0.32,20,0.53,9.926382993,9.719804
838,19,0.29,9,0.7,4.108648954,4.078863
839,31,0.28,26,0.7,12.64309022,12.65115
840,4,0.22,9,0.74,2.34311189,2.486505
841,18,0.34,11,0.75,5.77117767,5.762156
842,15,0.55,10,0.72,6.615323801,6.6585793
843,39,0.21,31,0.5,12.14590958,12.070232
844,9,0.54,20,0.62,10.19918569,10.351044
845,34,0.32,14,0.66,7.192463129,7.0305023
846,11,0.24,13,0.77,5.161678503,4.942713
847,35,0.4,22,0.91,13.38262241,13.554275
848,28,0.36,23,0.57,12.4130027,12.245075
849,9,0.51,24,0.99,12.41109911,12.154817
850,33,0.56,32,0.84,23.22926549,23.087936
851,24,0.49,31,0.64,19.85479779,19.863188
852,10,0.23,22,0.96,7.728886012,7.4430923
853,36,0.31,11,0.58,4.025962407,5.3716836
854,39,0.46,31,0.86,20.02485268,20.776596
855,6,0.57,20,0.64,6.997059606,6.8163466
856,33,0.21,32,0.5,12.51734341,12.49988
857,28,0.43,22,0.93,13.94746642,14.124501
858,4,0.56,28,0.99,6.002886389,5.9763384
859,10,0.27,22,0.86,8.979526214,8.69207
860,20,0.28,16,0.67,7.599686239,7.458667
861,20,0.56,22,0.79,15.79088464,15.38503
862,31,0.47,26,0.59,15.40706083,15.787617
863,9,0.43,32,1,13.32683898,12.925085
864,29,0.54,10,0.8,6.710437471,6.6869316
865,22,0.23,8,0.79,2.707185604,2.7247262
866,40,0.46,15,0.54,8.725118744,8.518597
867,38,0.25,21,0.7,9.406199501,9.005306
868,11,0.38,20,0.73,10.64946883,10.690817
869,16,0.42,26,0.67,15.68897679,15.575993
870,10,0.44,27,0.77,13.60013049,13.486168
871,18,0.44,27,0.91,17.51246577,17.5863
872,9,0.21,20,0.75,6.728335852,6.6172314
873,25,0.45,9,0.57,5.283015523,5.2918034
874,12,0.29,16,0.94,7.313781535,7.1213055
875,14,0.31,29,0.82,14.36098131,14.562645
876,7,0.5,18,0.74,8.2872041,8.118445
877,18,0.47,18,0.76,11.72251894,11.738695
878,20,0.43,16,0.57,9.241889061,9.210844
879,34,0.2,22,0.91,7.917963571,7.648806
880,21,0.55,13,0.67,8.569398979,8.57143
881,6,0.34,27,0.86,8.443785722,8.442102
882,37,0.28,9,0.85,3.79553568,3.5999177
883,9,0.27,18,0.92,7.038012043,6.7297707
884,4,0.3,28,0.87,7.253906794,7.372061
885,39,0.25,27,0.81,12.37293269,11.985023
886,8,0.34,19,0.67,8.024000364,7.968475
887,33,0.51,23,0.57,13.88515261,14.05092
888,7,0.22,9,0.61,3.082596898,2.9092984
889,5,0.43,23,0.64,6.539501204,6.382527
890,33,0.57,18,0.83,12.90420149,12.747753
891,20,0.37,11,0.96,5.927039897,5.8133693
892,7,0.48,29,0.72,9.842956262,9.921894
893,30,0.5,25,0.71,16.1292066,16.534138
894,39,0.3,18,0.78,9.012499263,8.770136
895,39,0.57,18,0.89,12.95401465,12.874436
896,35,0.25,25,0.76,11.37357783,11.05836
897,9,0.46,28,0.93,12.93759802,12.641506
898,10,0.3,13,0.87,5.958876546,5.7351093
899,6,0.35,19,0.89,6.710787921,6.6010275
900,25,0.31,9,0.73,4.303672592,4.2620068
901,29,0.46,19,0.62,11.63788207,11.545549
902,33,0.21,8,0.95,2.243549481,2.4105554
903,29,0.3,10,0.59,4.799850812,4.8030844
904,36,0.3,29,0.51,13.84785718,13.5619955
905,30,0.4,16,0.84,9.434025129,9.622791
906,19,0.51,18,0.74,12.06842627,12.032266
907,9,0.52,23,0.79,12.21843676,11.969641
908,30,0.42,19,0.69,11.52484343,11.495778
909,38,0.49,30,0.73,19.6509579,20.094631
910,16,0.23,22,0.84,9.036100865,8.938856
911,19,0.4,32,0.52,16.91910184,16.905144
912,24,0.47,25,0.65,15.78395012,15.748171
913,18,0.4,23,0.7,13.76340442,13.760184
914,27,0.52,14,0.68,9.151621773,9.098291
915,24,0.49,30,0.52,17.64383481,17.38212
916,11,0.39,27,0.69,13.54977745,13.494636
917,19,0.2,28,0.5,10.41518992,10.549527
918,33,0.52,10,0.68,6.471966911,6.369345
919,17,0.2,20,0.84,7.237120571,7.2384086
920,4,0.49,22,0.78,5.279543658,5.418489
921,9,0.37,14,0.79,7.235151814,7.1717978
922,5,0.27,13,0.8,4.086189287,4.0220985
923,37,0.47,30,0.91,20.73950644,20.264242
924,22,0.45,27,0.93,17.81913728,17.849428
925,35,0.27,10,0.53,4.474544266,4.4832664
926,16,0.39,29,0.64,16.5961152,16.448107
927,13,0.28,30,0.76,13.47048626,13.517679
928,35,0.3,10,0.97,4.433616632,4.0629225
929,20,0.58,21,0.78,15.176033,14.779631
930,19,0.36,17,0.82,9.612141917,9.671394
931,24,0.43,23,0.7,14.33262926,14.2644205
932,17,0.23,26,0.53,10.60056393,10.542463
933,6,0.27,16,0.73,5.40935499,5.334927
934,25,0.36,24,0.75,13.69044981,13.85604
935,13,0.56,11,0.7,7.320976196,7.315982
936,23,0.35,13,0.69,7.054105647,7.0115533
937,17,0.59,14,0.6,9.033311856,9.022663
938,18,0.22,28,0.5,11.16738351,11.0149145
939,14,0.32,12,0.81,6.01713033,5.975953
940,17,0.42,14,0.85,8.430522941,8.667796
941,7,0.37,32,0.97,10.36992209,10.435873
942,18,0.28,32,0.9,15.19206266,15.636805
943,32,0.39,32,0.71,19.46289432,19.06599
944,19,0.36,17,0.76,9.386317237,9.625666
945,19,0.48,12,0.53,7.067517478,7.0284767
946,28,0.24,9,0.76,3.371546762,3.2180748
947,24,0.41,17,0.66,10.02570452,10.026959
948,10,0.41,21,0.63,10.68378432,10.56966
949,11,0.29,23,0.82,10.30456858,10.121598
950,23,0.6,27,0.67,18.64532314,18.592297
951,14,0.39,8,0.97,4.315658868,4.232923
952,40,0.52,29,0.8,19.77358584,20.197704
953,35,0.24,12,0.94,4.515981164,4.085801
954,30,0.34,28,0.76,15.62931881,15.775652
955,10,0.57,17,0.88,11.13951946,11.081851
956,30,0.6,27,0.93,19.20609171,19.553358
957,14,0.26,24,0.61,10.51553678,10.484658
958,25,0.28,28,0.91,13.3617744,13.677373
959,20,0.52,24,0.69,15.52749673,15.914776
960,24,0.53,29,0.79,19.88915807,20.241508
961,32,0.34,21,0.65,11.2500552,11.231654
962,23,0.57,25,0.7,16.90006751,17.129305
963,17,0.2,23,0.53,8.741155292,8.617807
964,32,0.55,16,0.62,10.39369015,10.232128
965,9,0.58,18,0.95,11.14023846,11.032445
966,13,0.28,11,0.62,5.057763346,5.0454507
967,21,0.57,15,0.91,10.67716957,10.787697
968,34,0.52,16,0.74,10.76426978,10.680828
969,19,0.38,24,0.86,14.25252355,14.484411
970,33,0.25,23,0.87,10.21632709,9.834748
971,20,0.31,20,0.99,10.10271682,10.011607
972,6,0.2,20,0.67,5.640048418,5.702653
973,20,0.29,19,0.68,9.333181455,9.203198
974,37,0.47,23,0.63,14.02324989,14.282968
,,,,,25.15943342,
